-- MySQL dump 10.13  Distrib 8.0.34, for Win64 (x86_64)
--
-- Host: localhost    Database: apirest
-- ------------------------------------------------------
-- Server version	8.0.35

/*!40101 SET @OLD_CHARACTER_SET_CLIENT=@@CHARACTER_SET_CLIENT */;
/*!40101 SET @OLD_CHARACTER_SET_RESULTS=@@CHARACTER_SET_RESULTS */;
/*!40101 SET @OLD_COLLATION_CONNECTION=@@COLLATION_CONNECTION */;
/*!50503 SET NAMES utf8 */;
/*!40103 SET @OLD_TIME_ZONE=@@TIME_ZONE */;
/*!40103 SET TIME_ZONE='+00:00' */;
/*!40014 SET @OLD_UNIQUE_CHECKS=@@UNIQUE_CHECKS, UNIQUE_CHECKS=0 */;
/*!40014 SET @OLD_FOREIGN_KEY_CHECKS=@@FOREIGN_KEY_CHECKS, FOREIGN_KEY_CHECKS=0 */;
/*!40101 SET @OLD_SQL_MODE=@@SQL_MODE, SQL_MODE='NO_AUTO_VALUE_ON_ZERO' */;
/*!40111 SET @OLD_SQL_NOTES=@@SQL_NOTES, SQL_NOTES=0 */;

--
-- Table structure for table `cliente`
--

DROP TABLE IF EXISTS `cliente`;
/*!40101 SET @saved_cs_client     = @@character_set_client */;
/*!50503 SET character_set_client = utf8mb4 */;
CREATE TABLE `cliente` (
  `id_cliente` int NOT NULL AUTO_INCREMENT,
  `apellidos` varchar(50) NOT NULL,
  `cedula` varchar(20) NOT NULL,
  `celular` varchar(20) NOT NULL,
  `direccion` varchar(100) NOT NULL,
  `email` varchar(80) DEFAULT NULL,
  `fecha_creacion` date DEFAULT NULL,
  `fecha_modificacion` date DEFAULT NULL,
  `nombres` varchar(50) NOT NULL,
  `observaciones` varchar(255) DEFAULT NULL,
  `pais` varchar(30) DEFAULT NULL,
  `usuario_creador` varchar(25) DEFAULT NULL,
  `usuario_modificador` varchar(25) DEFAULT NULL,
  PRIMARY KEY (`id_cliente`),
  UNIQUE KEY `UK_trfs6xemfuo1u29blh0jw3ekl` (`cedula`)
) ENGINE=InnoDB AUTO_INCREMENT=59 DEFAULT CHARSET=utf8mb4 COLLATE=utf8mb4_0900_ai_ci;
/*!40101 SET character_set_client = @saved_cs_client */;

--
-- Dumping data for table `cliente`
--

LOCK TABLES `cliente` WRITE;
/*!40000 ALTER TABLE `cliente` DISABLE KEYS */;
INSERT INTO `cliente` VALUES (1,'Carabali','66850016','3126081880','calle 54b 49d 05 piso 3',NULL,'2023-10-27','2023-11-08','Angela','Barrio cordoba reservado - SF',NULL,'maelito','blandon'),(2,'Rojas','1151949825','3229162350','cra 1e #59-163',NULL,'2023-10-27','2023-11-08','Felipe ','SF',NULL,'maelito','blandon'),(3,'Sepulveda','1144197339','3242782517','calle 35 30 27',NULL,'2023-10-27','2023-11-08','Jean','Hermano julieth patino - Fiadora - Julieth y mama de julieth',NULL,'maelito','blandon'),(4,'Botero','31528564','3172421575','calle 67 5 37',NULL,'2023-10-27','2023-11-08','Luz dary','Barrio brisas del guabito - Fiadora julieth patino - mama julieth patino',NULL,'maelito','blandon'),(5,'Gonzalez castro','1010062500','3163760956','calle 57 37 26 vallado','NN','2023-10-27',NULL,'Gaby vanessa','Amiga karen y julieth - Fiadora julieth patino','Colombia','maelito',NULL),(6,'Patino','1144159377','3164085216','calle 35 30 25 león 13','NN','2023-10-27',NULL,'Julieth','Fiadora karen gonzalez','Colombia','maelito',NULL),(7,'Nunez','29113754','3148460489','cra 1a9 73a 65','NN','2023-10-27',NULL,'Erika','Hermana lorenzo - Fiadora maría de los angeles - 1006050371 - cel 3103908434 - dir cra 1a9 73a 65','Colombia','maelito',NULL),(8,'Valencia','1107044344','3206876546','cra 26p 54 29','NN','2023-10-27',NULL,'Ronaldo','Cunado de karen gonzalez - SF','Colombia','maelito',NULL),(9,'Prueba','1','3111111111','compartir es vivir ',NULL,'2023-10-30','2023-11-22','Prueba','Prueba',NULL,'maelito','blandon'),(10,'Betancourt','1144064081','3156164561','calle 12b 40a 24','NN','2023-10-30',NULL,'Jaime','Fiadora Andrea londono-cc 1115183040 - celular 3113793867 - dir calle 14 37a 49 torre d 301 condominio san diego cristobal colon','Colombia','maelito',NULL),(11,'Osorio','29582969','3187402940','cra 36 5b1 36 apto 204','NN','2023-10-30',NULL,'Jakelin','Edif america 80 barrio san Fernando - Fiadora - leidy tatiana cuadros - cc 1007694463 - celular 3168566915 - dir cra 65 13b-125 bosques del limonar','Colombia','maelito',NULL),(12,'Viafara','67028776','3117676893','cra 93 42 93',NULL,'2023-10-30','2023-11-09','Katherine','',NULL,'maelito','blandon'),(13,'David','1085276989','3162851808','cra 22 12 95','NN','2023-10-30',NULL,'Eynar camilo','','Colombia','maelito',NULL),(14,'Valencia','94402551','3206743423','calle 61b 1hbis 40','NN','2023-10-30',NULL,'Ricardo','Esposo roselly -','Colombia','maelito',NULL),(15,'Mosquera','66960509','3104530365','vive donde la suegra','NN','2023-10-30',NULL,'Roselly','Se cambio de casa y no se sabe donde vive','Colombia','maelito',NULL),(16,'Vargas','26386421','3122070802','calle 15 22a 16','NN','2023-10-30',NULL,'Zully','Moroso reee','Colombia','maelito',NULL),(17,'Acosta','1143987657','3225981503','cra 26g 86 18','NN','2023-10-30',NULL,'Junior','','Colombia','maelito',NULL),(18,'Vallecilla','38644147','3164280120','no registra','NN','2023-10-30',NULL,'Vivian','No registra','Colombia','maelito',NULL),(19,'Gonzalez','31305143','3167564377','calle67n 1a 11-15','NN','2023-10-30',NULL,'Lisbeth','Sf','Colombia','maelito',NULL),(20,'Zambrano','1107070727','3106341121','cra 26g12 73b 59 marroco','NN','2023-10-30',NULL,'Jessica','Esposa de David salcedo','Colombia','maelito',NULL),(21,'Moreno','1143989341','3112652348','cra 26g5 86-16 san marcos','NN','2023-10-30',NULL,'Natalia','Fiador - jorge moreno - cc 1130625464 - cel 3152573349 - cra 7t bis 72 37','Colombia','maelito',NULL),(22,'Gonzalez','1111805885','3117396187','cra 26 56a 66 n floresta',NULL,'2023-10-30','2023-11-22','Wendy','Hermana de karen clinica colombia',NULL,'maelito','blandon'),(23,'Yarce','1144053206','3002083821','calle 18 44a 10','NN','2023-10-30',NULL,'Daniela','En la usa','Colombia','maelito',NULL),(24,'Hurtado','6228420','3108383025','calle 46 10 09','NN','2023-10-30',NULL,'Marcel','Sf','Colombia','maelito',NULL),(25,'Hernandez','1143936925','3158288824','cra 26 g10 73b 45 marroquí 2','NN','2023-10-30',NULL,'Lessdy','Sf','Colombia','maelito',NULL),(26,'Graterol','3857677','3128705319','cra 26 33f 71 santa fe','NN','2023-10-30',NULL,'Hector','Fiador - maría del mar','Colombia','maelito',NULL),(27,'Vivas','1006055175','3012915079','cra 1 a9 73a 65',NULL,'2023-10-30','2023-11-07','Lorenzo','Fiador - milena arismendi  - cc 6673933- cel  3229714386 dir CRA 7h #70-35',NULL,'maelito','blandon'),(28,'Salcedo','6229155','3205510345','calle 55 1 94 bloque 7 apt 404','NN','2023-10-30',NULL,'David','Sf','Colombia','maelito',NULL),(29,'Buitrago','1144157641','3164903048','cra 1d 62 04 chimi','NN','2023-10-31',NULL,'Juan david','Sf','Colombia','maelito',NULL),(30,'Vinasco','31930954','3172196114','calle 15a 74 30 brisas limonar','NN','2023-10-31',NULL,'Consuelo','','Colombia','maelito',NULL),(31,'Castillo','59675494','3043919297','cra 27 5b-10','NN','2023-11-01',NULL,'Idia','SF','Colombia','maelito',NULL),(32,'Taibel','1130642885','3137045817','calle 15 37 68 colibri','NN','2023-11-01',NULL,'Hermes','Poblado campestre - Fiador -  es el papá datos en el correo','Colombia','maelito',NULL),(33,'Flor','1107509524','3148321761','cra 26d 124-10','NN','2023-11-01',NULL,'Diana','','Colombia','maelito',NULL),(34,'Calero','1107528451','3177557782','san Antonio','NN','2023-11-01',NULL,'Aranza','Sf','Colombia','maelito',NULL),(35,'Luango','1107051725','4611232921','España','NN','2023-11-02',NULL,'Fransua','Sf','Colombia','blandon',NULL),(36,'Calero','1005706836','3182362717','san Antonio',NULL,'2023-11-02','2023-11-09','Maria del mar','Sf',NULL,'blandon','blandon'),(37,'Garcia','1144188641','1317809610','medellin','NN','2023-11-02',NULL,'Santiago','Sf','Colombia','blandon',NULL),(38,'Caicedo','31915252','3155150777','puerto tejada','NN','2023-11-09',NULL,'Ruby','Sf','Colombia','blandon',NULL),(39,'Calero','1143849576','7818347644','inglaterra','NN','2023-11-09',NULL,'Brian','Sf','Colombia','blandon',NULL),(47,'Gonzales','1148445049','3164167175','cra 27 56a 66','NN','2023-11-09',NULL,'Karen','Sf','Colombia','blandon',NULL),(48,'Enriquez','1130669503','3006722225','la isla',NULL,'2023-11-17','2023-11-23','Juan manuel','Sf ',NULL,'blandon','maelito'),(49,'Medina','1143945503','3166954761','Kra 29 # 39 - 25','NN','2023-11-29',NULL,'Fabian','Sf','Colombia','blandon',NULL),(50,'Guerrero','1144163255','3168672475','yumbo','NN','2023-12-01',NULL,'Leidy','Sf','Colombia','blandon',NULL),(51,'Gonzales','29784912','3162925815','calle 7 28-39','NN','2023-12-04',NULL,'Ana milena','Sf','Colombia','blandon',NULL),(52,'Yarpaz','1006011925','3145462609','CARRERA 1A NORTE #81- 21','NN','2023-12-04',NULL,'Diego estarlin','Fiadora vanessa Gonzalez','Colombia','blandon',NULL),(53,'Vivas','4640656','3122600524','Cra 1 a 5E #73 a 52 calimio nt',NULL,'2023-12-05','2023-12-05','Harold','Papa de lorenzo - fiador lorenzo',NULL,'blandon','blandon'),(54,'Ortegon','1130667927','1316254905','cra 45 # 18-32','NN','2023-12-16',NULL,'Claudia','Daniela yarce','Colombia','blandon',NULL),(55,'Arismendi','6673933','3229714386','carrera 22  #36 -89 santa fe','NN','2023-12-17',NULL,'Milena','Ramón segura c.c 94523830 telefono 3155149479 carrera 22  #36 -89 santa fe esposo - senora del trabajo de maría del mar','Colombia','blandon',NULL),(56,'Franco','1107075284','3162987978','Diagonal 51 oeste # 10 - 105 U','NN','2024-01-09',NULL,'Vicky yulieth','Fiadora - ruby','Colombia','blandon',NULL),(57,'Marin Ortiz','1143874050','3186926913','DIRECCION/ CRA 4 ·1-02 SAN ANT','NN','2024-01-10',NULL,'David','FIADORJUAN PABLO ORDOÑEZ PADILLA10059338753165648739CALLE 15 OE ·3-25 BELLAVISTA','Colombia','blandon',NULL),(58,'Salcedo','67005799','3238695459','av 2c norte 39-42 vipasa','NN','2024-01-22',NULL,'Luz Stella','David salcedo','Colombia','blandon',NULL);
/*!40000 ALTER TABLE `cliente` ENABLE KEYS */;
UNLOCK TABLES;

--
-- Table structure for table `credito`
--

DROP TABLE IF EXISTS `credito`;
/*!40101 SET @saved_cs_client     = @@character_set_client */;
/*!50503 SET character_set_client = utf8mb4 */;
CREATE TABLE `credito` (
  `id_credito` int NOT NULL AUTO_INCREMENT,
  `fecha_credito` date NOT NULL,
  `saldo_credito` double NOT NULL,
  `usuario_creador_credito` varchar(20) NOT NULL,
  `valor_credito` double NOT NULL,
  `id_cliente` int DEFAULT NULL,
  `id_estado_credito` int DEFAULT NULL,
  `id_modalidad` int DEFAULT NULL,
  PRIMARY KEY (`id_credito`),
  KEY `FK2wsrvlr3jsdvvdqrnp1svagxj` (`id_cliente`),
  KEY `FKim0k2ihsr31nbd9675smh1tto` (`id_estado_credito`),
  KEY `FKaa13hx1lk1fqm7sxy8ohj4eqk` (`id_modalidad`),
  CONSTRAINT `FK2wsrvlr3jsdvvdqrnp1svagxj` FOREIGN KEY (`id_cliente`) REFERENCES `cliente` (`id_cliente`),
  CONSTRAINT `FKaa13hx1lk1fqm7sxy8ohj4eqk` FOREIGN KEY (`id_modalidad`) REFERENCES `modalidad` (`id_modalidad`),
  CONSTRAINT `FKim0k2ihsr31nbd9675smh1tto` FOREIGN KEY (`id_estado_credito`) REFERENCES `estado_credito` (`id_estado_credito`)
) ENGINE=InnoDB AUTO_INCREMENT=110 DEFAULT CHARSET=utf8mb4 COLLATE=utf8mb4_0900_ai_ci;
/*!40101 SET character_set_client = @saved_cs_client */;

--
-- Dumping data for table `credito`
--

LOCK TABLES `credito` WRITE;
/*!40000 ALTER TABLE `credito` DISABLE KEYS */;
INSERT INTO `credito` VALUES (2,'2023-10-24',0,'maelito',600000,1,2,2),(3,'2023-10-09',840000,'maelito',1200000,2,1,2),(4,'2023-10-05',800000,'maelito',1000000,3,1,1),(5,'2023-10-04',360000,'maelito',600000,4,1,1),(6,'2023-10-17',0,'maelito',300000,5,2,1),(7,'2023-07-05',0,'maelito',1000000,6,2,1),(10,'2023-09-15',0,'maelito',500000,8,2,1),(21,'2023-07-05',600000,'maelito',1500000,21,1,1),(23,'2023-09-01',550000,'maelito',1200000,12,1,1),(25,'2023-09-01',0,'maelito',400000,13,2,1),(26,'2023-08-01',900000,'maelito',1500000,26,1,1),(27,'2023-07-01',600000,'maelito',1000000,25,1,1),(28,'2023-06-30',857142,'maelito',1500000,34,1,1),(32,'2023-05-01',0,'blandon',1000000,36,2,1),(33,'2023-08-01',0,'blandon',1000000,23,2,1),(34,'2023-10-02',400000,'blandon',1000000,7,1,1),(35,'2023-10-03',150000,'blandon',600000,29,1,1),(36,'2023-11-07',1000000,'blandon',1000000,27,1,1),(37,'2023-11-04',250000,'blandon',400000,12,1,1),(38,'2023-10-05',1833333,'blandon',2000000,10,1,1),(39,'2023-09-05',50000,'blandon',300000,17,1,1),(41,'2023-05-06',400000,'blandon',1200000,20,1,1),(42,'2023-11-09',800000,'blandon',1000000,38,1,1),(43,'2023-11-09',0,'blandon',2000000,38,2,1),(46,'2023-09-09',283333,'blandon',850000,28,1,1),(47,'2023-10-05',500000,'blandon',500000,35,1,1),(48,'2023-10-05',1000000,'blandon',1000000,35,1,1),(50,'2023-10-05',200000,'blandon',200000,35,1,1),(51,'2023-02-10',375000,'blandon',1000000,19,1,1),(52,'2023-10-10',657000,'blandon',800000,31,1,1),(53,'2023-05-19',0,'blandon',1000000,31,2,1),(57,'2023-11-11',0,'blandon',200000,48,2,1),(58,'2023-08-15',600000,'blandon',1000000,47,1,1),(63,'2023-10-13',0,'blandon',400000,47,2,1),(64,'2023-07-05',0,'blandon',1500000,39,2,1),(82,'2023-06-30',350000,'maelito',1000000,22,1,1),(83,'2023-09-22',0,'blandon',600000,11,2,1),(84,'2023-11-24',525000,'blandon',700000,36,1,1),(86,'2023-11-27',0,'blandon',120000,37,2,1),(87,'2023-11-29',1083333,'blandon',1300000,8,1,1),(88,'2023-11-29',800000,'blandon',1000000,49,1,1),(89,'2023-12-01',300000,'blandon',300000,50,1,1),(90,'2023-04-01',100000,'blandon',1000000,32,1,1),(91,'2023-12-04',200000,'blandon',400000,52,1,1),(92,'2023-12-04',909090,'blandon',1000000,51,1,1),(93,'2023-12-05',666666,'blandon',1000000,53,1,1),(94,'2023-12-16',1666666,'blandon',2000000,54,1,1),(95,'2023-12-18',400000,'blandon',500000,55,1,1),(96,'2023-12-21',800000,'blandon',1000000,36,1,1),(97,'2023-12-22',400000,'blandon',600000,11,1,1),(98,'2024-01-05',200000,'blandon',200000,24,1,1),(99,'2024-01-06',480000,'blandon',480000,37,1,1),(101,'2024-01-07',100000,'blandon',200000,48,1,1),(102,'2024-01-09',1000000,'blandon',1000000,56,1,1),(103,'2024-01-10',500000,'blandon',500000,57,1,1),(104,'2024-01-01',9999999,'blandon',9999999,9,1,1),(105,'2024-01-11',1000000,'blandon',1000000,6,1,1),(106,'2023-10-21',150000,'blandon',150000,28,1,1),(107,'2024-01-22',400000,'blandon',400000,58,1,1),(108,'2024-01-25',300000,'blandon',300000,19,1,1),(109,'2024-01-30',100000,'blandon',100000,9,3,1);
/*!40000 ALTER TABLE `credito` ENABLE KEYS */;
UNLOCK TABLES;

--
-- Table structure for table `cuota_credito`
--

DROP TABLE IF EXISTS `cuota_credito`;
/*!40101 SET @saved_cs_client     = @@character_set_client */;
/*!50503 SET character_set_client = utf8mb4 */;
CREATE TABLE `cuota_credito` (
  `id_cuota_credito` int NOT NULL AUTO_INCREMENT,
  `abono_extra` bit(1) DEFAULT NULL,
  `couta_numero` int DEFAULT NULL,
  `fecha_abono` date DEFAULT NULL,
  `fecha_cuota` date NOT NULL,
  `interes_porcentaje` double NOT NULL,
  `numero_cuotas` int DEFAULT NULL,
  `tipo_abono` varchar(20) DEFAULT NULL,
  `valor_abonado` double DEFAULT NULL,
  `valor_capital` double NOT NULL,
  `valor_cuota` double NOT NULL,
  `valor_interes` double NOT NULL,
  `id_credito` int DEFAULT NULL,
  PRIMARY KEY (`id_cuota_credito`),
  KEY `multi_index` (`fecha_cuota`,`fecha_abono`),
  KEY `FKqkddm4onlompx5m7xe3a23dq` (`id_credito`),
  CONSTRAINT `FKqkddm4onlompx5m7xe3a23dq` FOREIGN KEY (`id_credito`) REFERENCES `credito` (`id_credito`)
) ENGINE=InnoDB AUTO_INCREMENT=414 DEFAULT CHARSET=utf8mb4 COLLATE=utf8mb4_0900_ai_ci;
/*!40101 SET character_set_client = @saved_cs_client */;

--
-- Dumping data for table `cuota_credito`
--

LOCK TABLES `cuota_credito` WRITE;
/*!40000 ALTER TABLE `cuota_credito` DISABLE KEYS */;
INSERT INTO `cuota_credito` VALUES (2,_binary '\0',1,'2023-11-24','2023-11-24',7,3,'CN',243400,200000,243400,43400,2),(3,NULL,1,'2023-11-01','2023-11-01',7,10,'CN',184400,120000,184400,64400,3),(4,NULL,1,'2023-11-08','2023-11-05',7,5,'CN',272333,200000,272333,72333,4),(5,NULL,1,'2023-11-08','2023-11-04',7,5,'CN',163400,120000,163400,43400,5),(6,_binary '\0',1,'2023-11-21','2023-11-17',7,3,'CN',121700,100000,121700,21700,6),(7,NULL,1,'2023-08-05','2023-08-05',7,7,NULL,213000,142857,215190,72333,7),(8,NULL,2,'2023-09-05','2023-09-05',7,7,NULL,213000,142857,212857,70000,7),(9,NULL,3,'2023-10-05','2023-10-05',7,7,NULL,213000,142857,212857,70000,7),(10,NULL,4,'2023-11-08','2023-11-05',7,7,'CN',212857,142857,212857,70000,7),(13,NULL,1,'2023-11-01','2023-10-15',7,2,NULL,285000,250000,285000,35000,10),(56,_binary '\0',2,'2023-12-03','2023-12-01',7,10,'CN',204000,120000,204000,84000,3),(57,NULL,1,'2023-11-01','2023-08-05',5,10,NULL,227500,150000,227500,77500,21),(58,NULL,2,'2023-11-01','2023-09-05',5,10,NULL,225000,150000,225000,75000,21),(59,NULL,3,'2023-11-01','2023-10-05',5,10,NULL,225000,150000,225000,75000,21),(60,NULL,4,'2023-11-07','2023-11-05',5,10,'CN',225000,150000,225000,75000,21),(67,NULL,2,'2023-11-20','2023-11-15',7,2,'SI',40000,0,285000,40000,10),(68,NULL,1,'2023-11-01','2023-10-01',5,6,NULL,260000,200000,260000,60000,23),(69,NULL,2,'2023-11-02','2023-11-01',5,6,'CN',260000,200000,260000,60000,23),(71,NULL,1,'2023-11-01','2023-10-01',7,1,NULL,28000,0,428000,28000,25),(72,NULL,1,'2023-11-03','2023-11-01',7,1,'SI',28000,0,428000,28000,25),(73,NULL,1,'2023-11-01','2023-09-01',7,10,NULL,258500,150000,258500,108500,26),(74,NULL,2,'2023-11-01','2023-10-01',7,10,NULL,255000,150000,255000,105000,26),(75,NULL,3,'2023-11-03','2023-11-01',7,10,'CN',255000,150000,255000,105000,26),(76,NULL,1,'2023-11-01','2023-08-01',7,5,NULL,272333,200000,272333,72333,27),(77,NULL,2,'2023-11-01','2023-09-01',7,5,NULL,70000,0,270000,70000,27),(78,NULL,2,'2023-11-01','2023-10-01',7,5,NULL,70000,0,270000,70000,27),(79,NULL,2,'2023-11-02','2023-11-01',7,5,'CN',270000,200000,270000,70000,27),(82,NULL,1,'2023-11-01','2023-07-30',5,14,NULL,182143,107143,182143,75000,28),(83,NULL,2,'2023-11-01','2023-08-30',5,14,NULL,182142.85714285716,107142.85714285714,182142.85714285716,75000,28),(84,NULL,3,'2023-11-01','2023-09-30',5,14,NULL,182142.85714285716,107142.85714285714,182142.85714285716,75000,28),(85,NULL,4,'2023-11-03','2023-10-30',5,14,NULL,182142.85714285716,107142.85714285714,182142.85714285716,75000,28),(92,_binary '\0',3,'2023-12-01','2023-12-01',7,5,'SI',70000,0,270000,70000,27),(94,NULL,1,'2023-11-02','2023-06-01',5,7,NULL,194524,142857,194524,51667,32),(95,NULL,2,'2023-11-02','2023-07-01',5,7,NULL,192857.14285714287,142857.14285714287,192857.14285714287,50000,32),(96,NULL,3,'2023-11-02','2023-08-01',5,7,NULL,192857.14285714287,142857.14285714287,192857.14285714287,50000,32),(97,NULL,4,'2023-11-02','2023-09-01',5,7,NULL,192857.14285714287,142857.14285714287,192857.14285714287,50000,32),(98,NULL,5,'2023-11-02','2023-10-01',5,7,NULL,50000,0,192857.14285714287,50000,32),(99,NULL,5,'2023-11-08','2023-11-01',5,7,'CN',192857.14285714287,142857.14285714287,192857.14285714287,50000,32),(100,_binary '\0',3,'2023-12-05','2023-12-01',5,6,'CN',260000,200000,260000,60000,23),(101,NULL,1,'2023-11-02','2023-09-01',7,5,NULL,272333,200000,272333,72333,33),(102,NULL,2,'2023-11-02','2023-10-01',7,5,NULL,270000,200000,270000,70000,33),(103,NULL,3,'2023-11-02','2023-11-01',7,5,'CN',270000,200000,270000,70000,33),(104,_binary '\0',4,'2023-12-02','2023-12-01',7,5,'CN',270000,200000,270000,70000,33),(105,_binary '\0',5,'2023-12-16','2023-11-30',5,14,'CN',180000,107142.85714285714,182142.85714285716,72857.14285714286,28),(107,NULL,1,'2023-11-03','2023-11-02',7,5,'CN',272333,200000,272333,72333,34),(108,_binary '\0',2,'2023-12-02','2023-12-02',7,5,'CN',270000,200000,270000,70000,34),(109,NULL,1,'2023-11-07','2023-11-03',5,4,'CN',181000,150000,181000,31000,35),(110,_binary '\0',4,'2023-12-04','2023-12-01',7,10,'SI',110000,0,255000,110000,26),(111,_binary '\0',1,'2023-12-01','2023-12-01',7,1,'CN',428000,400000,428000,28000,25),(112,_binary '\0',2,'2023-12-04','2023-12-03',5,4,'CN',180000,150000,180000,30000,35),(113,_binary '\0',5,'2023-12-05','2023-12-05',5,10,'CN',225000,150000,225000,75000,21),(114,_binary '',6,'2023-12-19','2023-12-01',5,7,'AC',386000,306000,192857.14285714287,80000,32),(115,_binary '\0',2,'2023-12-10','2023-12-05',7,5,'SI',75000,0,270000,75000,4),(116,_binary '\0',5,'2023-12-07','2023-12-05',7,7,'CN',212857.14285714287,142857.14285714287,212857.14285714287,70000,7),(117,_binary '\0',2,'2023-12-05','2023-12-04',7,5,'CN',162000,120000,162000,42000,5),(118,_binary '\0',1,'2023-12-02','2023-12-01',7,5,'SI',56000,0,256000,56000,36),(119,_binary '\0',1,'2023-12-05','2023-12-01',5,4,'CN',118000,100000,118000,18000,37),(120,NULL,1,'2023-11-09','2023-11-05',7,12,'CN',306667,166667,306667,140000,38),(121,NULL,1,'2023-11-08','2023-10-05',5,6,NULL,65000,50000,65000,15000,39),(122,NULL,2,'2023-11-08','2023-11-05',5,6,'CN',65000,50000,65000,15000,39),(123,_binary '\0',3,'2023-12-07','2023-12-05',5,6,'CN',65000,50000,65000,15000,39),(125,NULL,1,'2023-11-08','2023-06-06',5,12,NULL,160000,100000,160000,60000,41),(126,NULL,2,'2023-11-08','2023-07-06',5,12,NULL,160000,100000,160000,60000,41),(127,NULL,3,'2023-11-08','2023-08-06',5,12,NULL,160000,100000,160000,60000,41),(128,NULL,4,'2023-11-08','2023-09-06',5,12,NULL,160000,100000,160000,60000,41),(129,NULL,5,'2023-11-08','2023-10-06',5,12,NULL,160000,100000,160000,60000,41),(130,NULL,6,'2023-11-10','2023-11-06',5,12,'CN',160000,100000,160000,60000,41),(131,_binary '\0',2,'2023-12-14','2023-12-05',7,12,'SI',150000,0,306666.6666666666,150000,38),(132,_binary '\0',1,'2023-12-12','2023-12-09',7,1,'SI',70000,0,1070000,70000,42),(133,_binary '\0',1,'2023-12-09','2023-12-09',7,1,'CN',2140000,2000000,2140000,140000,43),(136,NULL,1,'2023-11-09','2023-10-09',5,6,NULL,184167,141667,184167,42500,46),(137,NULL,2,'2023-11-10','2023-11-09',5,6,'CN',184166.66666666666,141666.66666666666,184166.66666666666,42500,46),(138,NULL,1,'2023-11-09','2023-11-05',5,1,'SI',25000,0,525000,25000,47),(139,NULL,1,'2023-11-09','2023-11-05',7,1,'SI',70000,0,1070000,70000,48),(143,_binary '\0',1,'2023-12-05','2023-12-05',5,1,'SI',25000,0,525000,25000,47),(144,_binary '\0',1,'2023-12-05','2023-12-05',7,1,'SI',70000,0,1070000,70000,48),(145,NULL,1,'2023-11-09','2023-11-05',7,1,'SI',14000,0,214000,14000,50),(146,_binary '\0',1,'2023-12-05','2023-12-05',7,1,'SI',14000,0,214000,14000,50),(151,NULL,1,'2023-11-10','2023-03-10',5,8,'CN',171667,125000,171667,46667,51),(152,NULL,2,'2023-11-10','2023-04-10',5,8,'CN',175000,125000,175000,50000,51),(153,NULL,3,'2023-11-10','2023-05-10',5,8,'CN',175000,125000,175000,50000,51),(154,NULL,4,'2023-11-10','2023-06-10',5,8,'CN',175000,125000,175000,50000,51),(155,NULL,5,'2023-11-10','2023-07-10',5,8,'CN',175000,125000,175000,50000,51),(156,NULL,6,'2023-11-10','2023-08-10',5,8,'SI',50000,0,175000,50000,51),(157,NULL,6,'2023-11-10','2023-09-10',5,8,'SI',50000,0,175000,50000,51),(158,NULL,6,'2023-11-10','2023-10-10',5,8,'SI',50000,0,175000,50000,51),(159,NULL,6,'2023-11-10','2023-11-10',5,8,'SI',50000,0,175000,50000,51),(160,_binary '\0',6,'2023-12-14','2023-12-10',5,8,'SI',50000,0,175000,50000,51),(161,_binary '\0',7,'2023-12-14','2023-12-06',5,12,'CN',170000,100000,160000,70000,41),(162,_binary '\0',3,'2023-12-14','2023-12-09',5,6,'CN',190000,141666.66666666666,184166.66666666666,48333.33333333334,46),(163,_binary '\0',1,'2023-11-30','2023-11-10',5,1,'SI',50000,0,840000,50000,52),(164,NULL,1,'2023-11-10','2023-06-19',5,8,'CN',175000,125000,175000,50000,53),(165,NULL,2,'2023-11-10','2023-07-19',5,8,'CN',175000,125000,175000,50000,53),(166,NULL,3,'2023-11-10','2023-08-19',5,8,'CN',175000,125000,175000,50000,53),(167,NULL,4,'2023-11-10','2023-09-19',5,8,'CN',175000,125000,175000,50000,53),(168,NULL,5,'2023-11-10','2023-10-19',5,8,'CN',175000,125000,175000,50000,53),(169,NULL,6,'2023-11-20','2023-11-19',5,8,'CN',175000,125000,175000,50000,53),(176,_binary '',1,'2023-11-28','2023-12-11',10,1,'AC',100000,100000,220000,0,57),(192,NULL,1,'2023-11-17','2023-09-15',7,1,'SI',70000,0,1070000,70000,58),(193,NULL,1,'2023-11-17','2023-10-15',7,1,'SI',70000,0,1070000,70000,58),(198,_binary '',1,'2023-11-17','2023-11-15',7,1,'AC',200000,200000,1070000,0,58),(199,NULL,1,'2023-11-20','2023-11-15',7,1,'SI',75000,0,1070000,75000,58),(206,NULL,1,'2023-11-20','2023-11-13',7,1,'SI',33000,0,428000,33000,63),(207,_binary '',2,'2023-11-29','2023-12-15',7,2,'AC',250000,250000,285000,16333,10),(208,_binary '',1,'2023-11-29','2023-12-13',7,1,'AC',400067,400067,428000,14933,63),(209,_binary '',1,'2023-12-16','2023-12-21',7,1,'AC',200000,200000,1084000,0,58),(210,_binary '\0',7,'2023-12-19','2023-12-19',5,8,'CN',175000,125000,175000,50000,53),(211,NULL,1,'2023-11-20','2023-08-05',5,10,'CN',225000,150000,225000,75000,64),(212,NULL,2,'2023-11-20','2023-09-05',5,10,'CN',225000,150000,225000,75000,64),(213,NULL,3,'2023-11-20','2023-10-05',5,10,'CN',225000,150000,225000,75000,64),(214,NULL,4,'2023-11-20','2023-11-05',5,10,'CN',225000,150000,225000,75000,64),(215,_binary '',5,'2023-11-20','2023-12-05',5,10,'AC',800000,800000,225000,0,64),(216,_binary '',5,'2023-12-05','2023-12-05',5,10,'AC',175000,100000,225000,75000,64),(244,_binary '\0',2,'2023-12-19','2023-12-17',7,3,'CN',121000,100000,121000,21000,6),(280,_binary '\0',1,'2023-11-22','2023-07-31',7,4,'CN',320000,250000,320000,70000,82),(281,_binary '\0',2,'2023-11-22','2023-08-31',7,4,'SI',70000,0,320000,70000,82),(282,_binary '\0',2,'2023-11-22','2023-10-01',7,4,'SI',70000,0,320000,70000,82),(283,_binary '\0',2,'2023-11-22','2023-11-01',7,4,'SI',75000,0,320000,75000,82),(284,_binary '',2,'2023-11-22','2023-12-01',7,4,'AC',400000,400000,320000,0,82),(285,_binary '\0',2,'2023-11-30','2023-12-01',7,4,'SI',70000,0,320000,70000,82),(286,_binary '\0',1,'2023-11-23','2023-10-22',7,3,'CN',242000,200000,242000,42000,83),(287,_binary '\0',2,'2023-11-24','2023-11-22',7,3,'CN',242000,200000,242000,42000,83),(288,_binary '\0',1,'2023-12-30','2023-12-30',5,4,'CN',217000,175000,217000,42000,84),(289,_binary '\0',3,'2023-12-22','2023-12-22',7,3,'CN',242000,200000,242000,42000,83),(290,_binary '\0',2,'2023-12-21','2023-12-24',7,3,'CN',242000,200000,242000,42000,2),(301,_binary '\0',1,'2024-01-03','2024-01-03',7,1,'CN',130360,120000,130360,10360,86),(302,_binary '',1,'2023-12-12','2023-12-11',10,1,'AC',120667,100000,220000,10000,57),(303,_binary '\0',1,'2023-12-31','2023-12-26',7,6,'CN',303567,216666.66666666666,298567,86900.33333333334,87),(304,_binary '\0',1,'2023-12-15','2023-12-15',7,10,'CN',137333,100000,137333,37333,88),(305,_binary '\0',2,'2023-12-31','2024-01-01',7,4,'SI',70000,0,320000,70000,82),(306,_binary '\0',1,'2023-12-16','2023-12-10',5,1,'SI',50000,0,840000,50000,52),(307,_binary '\0',3,'2024-01-03','2024-01-01',7,5,'SI',70000,0,270000,70000,27),(308,_binary '\0',1,'2024-01-02','2024-01-04',7,3,'SI',23800,0,123800,23800,89),(309,_binary '\0',3,'2024-01-03','2024-01-02',7,5,'CN',270000,200000,270000,70000,34),(310,_binary '\0',1,'2023-05-01','2023-05-01',5,10,'CN',505000,100000,150000,405000,90),(311,_binary '\0',2,'2023-06-01','2023-06-01',5,10,'CN',455000,100000,150000,355000,90),(312,_binary '\0',3,'2023-07-01','2023-07-01',5,10,'CN',405000,100000,150000,305000,90),(313,_binary '\0',4,'2023-08-01','2023-08-01',5,10,'CN',355000,100000,150000,255000,90),(314,_binary '\0',5,'2023-09-01','2023-09-01',5,10,'CN',300000,100000,150000,200000,90),(315,_binary '\0',6,'2023-10-01','2023-10-01',5,10,'CN',250000,100000,150000,150000,90),(316,_binary '\0',7,'2023-11-01','2023-11-01',5,10,'CN',150000,100000,150000,500000,90),(317,_binary '\0',8,'2023-12-06','2023-12-01',5,10,'CN',150000,100000,150000,50000,90),(318,NULL,5,NULL,'2024-01-01',7,5,NULL,NULL,0,270000,70000,33),(319,_binary '\0',1,'2024-01-05','2024-01-01',7,5,'SI',75000,0,270000,75000,36),(320,_binary '\0',3,'2024-01-03','2024-01-01',7,10,'CN',204000,120000,204000,84000,3),(321,_binary '\0',4,'2024-01-12','2024-01-01',7,10,'CN',270000,150000,255000,120000,26),(322,_binary '\0',1,'2024-01-03','2024-01-04',7,2,'CN',228000,200000,228000,28000,91),(323,_binary '\0',3,'2024-01-04','2024-01-03',5,4,'CN',180000,150000,180000,30000,35),(324,_binary '\0',1,'2024-01-04','2024-01-03',7,11,'CN',160909,90909.09090909091,160909,69999.90909090909,92),(325,_binary '\0',4,'2023-12-31','2024-01-01',5,6,'SI',60000,0,260000,60000,23),(326,_binary '\0',2,'2023-12-31','2024-01-01',5,4,'SI',20000,0,120000,20000,37),(327,_binary '\0',1,'2024-01-05','2024-01-05',5,1,'SI',25000,0,525000,25000,47),(328,_binary '\0',1,'2024-01-05','2024-01-05',7,1,'SI',70000,0,1070000,70000,48),(329,_binary '\0',1,'2024-01-05','2024-01-05',7,1,'SI',14000,0,214000,14000,50),(330,_binary '\0',6,'2024-01-03','2024-01-05',5,10,'CN',225000,150000,225000,75000,21),(331,_binary '\0',1,'2024-01-06','2024-01-05',7,3,'CN',403333,333333.3333333333,403333,69999.66666666669,93),(332,_binary '\0',3,'2024-01-06','2024-01-04',7,5,'SI',42000,0,162000,42000,5),(333,_binary '\0',9,'2024-01-10','2024-01-01',5,10,'CN',150000,100000,150000,50000,90),(334,_binary '\0',6,'2024-01-09','2024-01-05',7,7,'SI',70000,0,212857.14285714287,70000,7),(335,_binary '\0',4,'2024-01-04','2024-01-05',5,6,'CN',65000,50000,65000,15000,39),(336,_binary '\0',2,'2024-01-09','2024-01-05',7,5,'SI',70000,0,270000,70000,4),(337,_binary '',1,'2023-12-12','2024-01-09',7,1,'AC',100000,100000,1070000,0,42),(338,_binary '\0',1,'2024-01-10','2024-01-09',7,1,'SI',70000,0,1070000,70000,42),(339,_binary '\0',4,'2024-01-18','2024-01-15',5,6,'CN',197666.66666666666,141666.66666666666,192666.66666666666,56000,46),(340,_binary '\0',8,'2024-01-18','2024-01-15',5,12,'CN',183000,100000,178000,83000,41),(341,_binary '\0',2,'2024-01-11','2024-01-05',7,12,'SI',145000,0,306666.6666666666,145000,38),(342,_binary '\0',6,'2024-01-12','2024-01-10',5,8,'SI',50000,0,175000,50000,51),(343,_binary '\0',2,'2024-01-16','2024-01-15',7,10,'CN',170000,100000,170000,70000,88),(344,_binary '\0',1,'2023-12-16','2023-12-21',7,1,'SI',73000,0,1070000,73000,58),(345,_binary '\0',1,'2024-01-01','2023-12-31',3.5,12,'CN',236667,166666.66666666666,236667,70000.33333333334,94),(346,_binary '',1,'2023-12-23','2024-01-10',5,1,'AC',143000,143000,840000,0,52),(347,_binary '\0',6,'2024-01-16','2023-12-30',5,14,'CN',180000,107142.85714285714,182142.85714285716,72857.14285714286,28),(348,_binary '\0',1,'2024-01-18','2024-01-18',7,5,'CN',135000,100000,135000,35000,95),(349,_binary '',8,'2023-12-23','2024-01-19',5,8,'AC',132000,125333,175000,6667,53),(350,_binary '\0',3,'2024-01-19','2024-01-17',7,3,'CN',121000,100000,121000,21000,6),(351,NULL,1,NULL,'2024-01-21',7,1,NULL,NULL,0,1070000,70000,58),(352,_binary '\0',1,'2024-01-19','2024-01-15',5,5,'CN',246667,200000,241667,46667,96),(353,_binary '\0',3,'2024-01-24','2024-01-24',7,3,'CN',242000,200000,242000,42000,2),(354,_binary '\0',1,'2024-01-23','2024-01-22',7,3,'CN',242000,200000,242000,42000,97),(355,NULL,1,NULL,'2024-01-10',5,1,NULL,NULL,0,840000,40000,52),(356,NULL,2,NULL,'2024-01-30',5,4,NULL,NULL,0,210000,35000,84),(357,NULL,2,NULL,'2024-01-26',7,6,NULL,NULL,0,307666.6666666666,91000,87),(358,NULL,2,NULL,'2024-02-01',7,4,NULL,NULL,0,320000,70000,82),(359,_binary '',2,'2023-12-31','2024-02-01',5,4,'AC',50000,50000,120000,0,37),(360,_binary '',4,'2023-12-31','2024-02-01',5,6,'AC',50000,50000,260000,0,23),(361,NULL,2,NULL,'2024-02-01',5,4,NULL,NULL,0,120000,20000,37),(362,NULL,4,NULL,'2024-02-01',5,6,NULL,NULL,0,260000,60000,23),(363,_binary '\0',2,'2024-01-16','2024-01-15',3.5,12,'CN',236666.66666666666,166666.66666666666,236666.66666666666,70000,94),(364,NULL,1,NULL,'2024-02-04',7,3,NULL,NULL,0,121000,21000,89),(365,NULL,7,NULL,'2024-02-05',5,10,NULL,NULL,0,225000,75000,21),(366,NULL,2,NULL,'2024-02-04',7,2,NULL,NULL,0,228000,28000,91),(367,NULL,4,NULL,'2024-02-01',7,10,NULL,NULL,0,204000,84000,3),(368,NULL,3,NULL,'2024-02-01',7,5,NULL,NULL,0,270000,70000,27),(369,NULL,4,NULL,'2024-02-02',7,5,NULL,NULL,0,270000,70000,34),(370,NULL,4,NULL,'2024-02-03',5,4,NULL,NULL,0,180000,30000,35),(371,NULL,2,NULL,'2024-02-03',7,11,NULL,NULL,0,160909.0909090909,70000,92),(372,_binary '',5,'2024-01-04','2024-02-05',5,6,'AC',50000,50000,65000,0,39),(373,NULL,5,NULL,'2024-02-05',5,6,NULL,NULL,0,65000,15000,39),(374,NULL,1,NULL,'2024-02-05',5,1,NULL,NULL,0,525000,25000,47),(375,NULL,1,NULL,'2024-02-05',7,1,NULL,NULL,0,1070000,70000,48),(376,NULL,1,NULL,'2024-02-05',7,1,NULL,NULL,0,214000,14000,50),(377,NULL,1,NULL,'2024-02-15',7,2,NULL,NULL,0,119133,19133,98),(378,NULL,1,NULL,'2024-02-01',7,5,NULL,NULL,0,270000,70000,36),(379,NULL,2,NULL,'2024-02-05',7,3,NULL,NULL,0,403333.3333333333,70000,93),(380,NULL,1,NULL,'2024-02-03',7,4,NULL,NULL,0,151360,31360,99),(381,NULL,3,NULL,'2024-02-04',7,5,NULL,NULL,0,162000,42000,5),(383,_binary '\0',1,'2024-01-23','2024-01-22',5,2,'CN',110000,100000,110000,10000,101),(384,NULL,1,NULL,'2024-02-01',7,10,NULL,NULL,0,153667,53667,102),(385,NULL,2,NULL,'2024-02-05',7,5,NULL,NULL,0,270000,70000,4),(386,NULL,6,NULL,'2024-02-05',7,7,NULL,NULL,0,212857.14285714287,70000,7),(387,NULL,1,NULL,'2024-02-05',7,3,NULL,NULL,0,197000,30333,103),(388,NULL,10,NULL,'2024-02-01',5,10,NULL,NULL,0,150000,50000,90),(389,_binary '',1,'2024-01-10','2024-02-09',7,1,'AC',100000,100000,1070000,0,42),(390,NULL,1,NULL,'2024-02-09',7,1,NULL,NULL,0,1070000,70000,42),(391,NULL,2,NULL,'2024-02-05',7,12,NULL,NULL,0,306666.6666666666,140000,38),(392,_binary '',1,'2024-01-12','2024-01-31',0,1,'SI',100000,0,9999999,100000,104),(393,NULL,1,NULL,'2024-02-17',7,7,NULL,NULL,0,229190,86333,105),(394,NULL,6,NULL,'2024-02-10',5,8,NULL,NULL,0,175000,50000,51),(395,NULL,5,NULL,'2024-02-01',7,10,NULL,NULL,0,255000,105000,26),(396,_binary '',1,'2024-01-22','2024-01-31',0,1,'SI',100000,0,9999999,100000,104),(397,NULL,7,NULL,'2024-01-30',5,14,NULL,NULL,0,182142.85714285716,75000,28),(398,NULL,3,NULL,'2024-02-15',7,10,NULL,NULL,0,170000,70000,88),(399,NULL,3,NULL,'2024-01-30',3.5,12,NULL,NULL,0,236666.66666666666,70000,94),(400,NULL,2,NULL,'2024-02-18',7,5,NULL,NULL,0,135000,35000,95),(401,NULL,9,NULL,'2024-02-15',5,12,NULL,NULL,0,160000,60000,41),(402,NULL,5,NULL,'2024-02-15',5,6,NULL,NULL,0,184166.66666666666,42500,46),(403,NULL,2,NULL,'2024-02-15',5,5,NULL,NULL,0,250000,50000,96),(404,_binary '\0',1,'2023-11-22','2023-11-21',7,1,'SI',12000,0,160500,12000,106),(405,_binary '\0',1,'2024-01-22','2023-12-21',7,1,'SI',0,0,160500,0,106),(406,_binary '\0',1,'2024-01-22','2024-01-21',7,1,'SI',22000,0,160500,22000,106),(407,NULL,1,NULL,'2024-02-21',7,1,NULL,NULL,0,160500,10500,106),(408,NULL,1,NULL,'2024-02-20',7,5,NULL,NULL,0,107067,27067,107),(409,NULL,1,NULL,'2024-01-31',0,1,NULL,NULL,0,9999999,0,104),(410,NULL,2,NULL,'2024-02-22',7,3,NULL,NULL,0,242000,42000,97),(411,NULL,2,NULL,'2024-02-06',5,2,NULL,NULL,0,110000,10000,101),(412,NULL,1,NULL,'2024-02-15',7,5,NULL,NULL,0,74700,14700,108),(413,NULL,1,NULL,'2024-04-30',1,1,NULL,NULL,0,103033,3033,109);
/*!40000 ALTER TABLE `cuota_credito` ENABLE KEYS */;
UNLOCK TABLES;

--
-- Table structure for table `estado_credito`
--

DROP TABLE IF EXISTS `estado_credito`;
/*!40101 SET @saved_cs_client     = @@character_set_client */;
/*!50503 SET character_set_client = utf8mb4 */;
CREATE TABLE `estado_credito` (
  `id_estado_credito` int NOT NULL AUTO_INCREMENT,
  `descripcion` varchar(20) DEFAULT NULL,
  PRIMARY KEY (`id_estado_credito`)
) ENGINE=InnoDB AUTO_INCREMENT=4 DEFAULT CHARSET=utf8mb4 COLLATE=utf8mb4_0900_ai_ci;
/*!40101 SET character_set_client = @saved_cs_client */;

--
-- Dumping data for table `estado_credito`
--

LOCK TABLES `estado_credito` WRITE;
/*!40000 ALTER TABLE `estado_credito` DISABLE KEYS */;
INSERT INTO `estado_credito` VALUES (1,'Activo'),(2,'Pagado'),(3,'Anulado');
/*!40000 ALTER TABLE `estado_credito` ENABLE KEYS */;
UNLOCK TABLES;

--
-- Table structure for table `modalidad`
--

DROP TABLE IF EXISTS `modalidad`;
/*!40101 SET @saved_cs_client     = @@character_set_client */;
/*!50503 SET character_set_client = utf8mb4 */;
CREATE TABLE `modalidad` (
  `id_modalidad` int NOT NULL AUTO_INCREMENT,
  `description` varchar(20) DEFAULT NULL,
  PRIMARY KEY (`id_modalidad`)
) ENGINE=InnoDB AUTO_INCREMENT=3 DEFAULT CHARSET=utf8mb4 COLLATE=utf8mb4_0900_ai_ci;
/*!40101 SET character_set_client = @saved_cs_client */;

--
-- Dumping data for table `modalidad`
--

LOCK TABLES `modalidad` WRITE;
/*!40000 ALTER TABLE `modalidad` DISABLE KEYS */;
INSERT INTO `modalidad` VALUES (1,'mensual'),(2,'quincenal');
/*!40000 ALTER TABLE `modalidad` ENABLE KEYS */;
UNLOCK TABLES;

--
-- Table structure for table `roles`
--

DROP TABLE IF EXISTS `roles`;
/*!40101 SET @saved_cs_client     = @@character_set_client */;
/*!50503 SET character_set_client = utf8mb4 */;
CREATE TABLE `roles` (
  `id` bigint NOT NULL AUTO_INCREMENT,
  `name` varchar(15) DEFAULT NULL,
  PRIMARY KEY (`id`)
) ENGINE=InnoDB AUTO_INCREMENT=7 DEFAULT CHARSET=utf8mb4 COLLATE=utf8mb4_0900_ai_ci;
/*!40101 SET character_set_client = @saved_cs_client */;

--
-- Dumping data for table `roles`
--

LOCK TABLES `roles` WRITE;
/*!40000 ALTER TABLE `roles` DISABLE KEYS */;
INSERT INTO `roles` VALUES (1,'ROLE_ADMIN'),(2,'ROLE_ADMIN'),(3,'ROLE_USER'),(4,'ROLE_ADMIN'),(5,'ROLE_ADMIN'),(6,'ROLE_USER');
/*!40000 ALTER TABLE `roles` ENABLE KEYS */;
UNLOCK TABLES;

--
-- Table structure for table `user`
--

DROP TABLE IF EXISTS `user`;
/*!40101 SET @saved_cs_client     = @@character_set_client */;
/*!50503 SET character_set_client = utf8mb4 */;
CREATE TABLE `user` (
  `id` int NOT NULL AUTO_INCREMENT,
  `country` varchar(25) DEFAULT NULL,
  `email` varchar(255) NOT NULL,
  `firstname` varchar(30) NOT NULL,
  `lastname` varchar(30) NOT NULL,
  `password` varchar(255) DEFAULT NULL,
  `username` varchar(25) NOT NULL,
  PRIMARY KEY (`id`),
  UNIQUE KEY `UK_ob8kqyqqgmefl0aco34akdtpe` (`email`),
  UNIQUE KEY `UK_sb8bbouer5wak8vyiiy4pf2bx` (`username`),
  UNIQUE KEY `UKsb8bbouer5wak8vyiiy4pf2bx` (`username`)
) ENGINE=InnoDB AUTO_INCREMENT=15 DEFAULT CHARSET=utf8mb4 COLLATE=utf8mb4_0900_ai_ci;
/*!40101 SET character_set_client = @saved_cs_client */;

--
-- Dumping data for table `user`
--

LOCK TABLES `user` WRITE;
/*!40000 ALTER TABLE `user` DISABLE KEYS */;
INSERT INTO `user` VALUES (1,'Locombia','maelito@gmail.com','Maelito','Blandon','$2a$10$jAehpayzhvQwqEPkdHxoIemq/tMujfiTYDTs1vLv42VaDn.mVHQKi','maelito'),(3,'Locombia','blandon@gmail.com','Cristian','Blandon','$2a$10$BHCpFVvXCeVj2nCwlaF4uOAlWuzAaLYjmAaV3tlocIujVYHvyNBGq','blandon'),(11,'Locombia','quinio@gmail.com','Byron','Quinones','$2a$10$1mOoLIv3nDvRv.aXWBphE.qLVZFd8ON32WSsDRo6Vdy25mYZgy7wm','mumilon'),(13,'Locombia','qnio@gmail.com','Byron','Quinones','$2a$10$T6ycYMHcDXXw7TdHPQC0UOLJTsZf4ZG6vyCN7cBuJYdKz1FJdbCIa','mulon'),(14,'Locombia','nuevo@gmail.com','Byron','Quinones','$2a$10$jWD1.iytgWDwRjyoPaMZDO3wnahTR2YTO4RYu44USlSuGFSUhF896','user');
/*!40000 ALTER TABLE `user` ENABLE KEYS */;
UNLOCK TABLES;

--
-- Table structure for table `user_roles`
--

DROP TABLE IF EXISTS `user_roles`;
/*!40101 SET @saved_cs_client     = @@character_set_client */;
/*!50503 SET character_set_client = utf8mb4 */;
CREATE TABLE `user_roles` (
  `user_id` int NOT NULL,
  `role_id` bigint NOT NULL,
  PRIMARY KEY (`user_id`,`role_id`),
  KEY `FKh8ciramu9cc9q3qcqiv4ue8a6` (`role_id`),
  CONSTRAINT `FK55itppkw3i07do3h7qoclqd4k` FOREIGN KEY (`user_id`) REFERENCES `user` (`id`),
  CONSTRAINT `FKh8ciramu9cc9q3qcqiv4ue8a6` FOREIGN KEY (`role_id`) REFERENCES `roles` (`id`)
) ENGINE=InnoDB DEFAULT CHARSET=utf8mb4 COLLATE=utf8mb4_0900_ai_ci;
/*!40101 SET character_set_client = @saved_cs_client */;

--
-- Dumping data for table `user_roles`
--

LOCK TABLES `user_roles` WRITE;
/*!40000 ALTER TABLE `user_roles` DISABLE KEYS */;
INSERT INTO `user_roles` VALUES (1,1),(3,2),(3,3),(11,4),(13,5),(14,6);
/*!40000 ALTER TABLE `user_roles` ENABLE KEYS */;
UNLOCK TABLES;
/*!40103 SET TIME_ZONE=@OLD_TIME_ZONE */;

/*!40101 SET SQL_MODE=@OLD_SQL_MODE */;
/*!40014 SET FOREIGN_KEY_CHECKS=@OLD_FOREIGN_KEY_CHECKS */;
/*!40014 SET UNIQUE_CHECKS=@OLD_UNIQUE_CHECKS */;
/*!40101 SET CHARACTER_SET_CLIENT=@OLD_CHARACTER_SET_CLIENT */;
/*!40101 SET CHARACTER_SET_RESULTS=@OLD_CHARACTER_SET_RESULTS */;
/*!40101 SET COLLATION_CONNECTION=@OLD_COLLATION_CONNECTION */;
/*!40111 SET SQL_NOTES=@OLD_SQL_NOTES */;

-- Dump completed on 2024-02-09 10:20:03
